user1,Oliver,Moore,OliverMoore@gmail.com,15237
user2,Gabriel,Jones,GabrielJones@gmail.com,15391
user3,Adelaide,Garcia,AdelaideGarcia@gmail.com,15311
user4,Aurora,Rodriguez,AuroraRodriguez@gmail.com,15379
user5,Isabelle,White,IsabelleWhite@gmail.com,15213
user6,Caleb,Taylor,CalebTaylor@gmail.com,15399
user7,Amelia,An,AmeliaAn@gmail.com,15204
user8,Luna,Zhang,LunaZhang@gmail.com,15271
user9,Jackson,Lewis,JacksonLewis@gmail.com,15259
user10,Ben,Ge,BenGe@gmail.com,15208
user11,Miles,Williams,MilesWilliams@gmail.com,15327
user12,Gabriel,Clark,GabrielClark@gmail.com,15296
user13,Adelaide,Rodriguez,AdelaideRodriguez@gmail.com,15233
user14,Henry,An,HenryAn@gmail.com,15310
user15,Maeve,Thomas,MaeveThomas@gmail.com,15241
user16,Jasper,Lewis,JasperLewis@gmail.com,15263
user17,Iris,Harris,IrisHarris@gmail.com,15333
user18,Ava,Zhu,AvaZhu@gmail.com,15288
user19,Sebastian,Ge,SebastianGe@gmail.com,15271
user20,Adeline,Harris,AdelineHarris@gmail.com,15332
