user1,Owen,Garcia,OwenGarcia@gmail.com,95129
user2,Milo,Zhang,MiloZhang@gmail.com,18015
user3,Emma,Lewis,EmmaLewis@gmail.com,18042
user4,Audrey,Jackson,AudreyJackson@gmail.com,15201
user5,Sophia,Hernandez,SophiaHernandez@gmail.com,15326
user6,Sebastian,Davis,SebastianDavis@gmail.com,15346
user7,Nora,Harris,NoraHarris@gmail.com,15401
user8,Jackson,Jones,JacksonJones@gmail.com,15232
user9,Ivy,Martin,IvyMartin@gmail.com,15329
user10,Aria,Ming,AriaMing@gmail.com,15256
user11,Mila,Johnson,MilaJohnson@gmail.com,15348
user12,Emma,Garcia,EmmaGarcia@gmail.com,15264
user13,Violet,Lopez,VioletLopez@gmail.com,15344
user14,Olivia,Garcia,OliviaGarcia@gmail.com,15355
user15,Alex,Clark,AlexClark@gmail.com,15378
user16,Isabelle,Hernandez,IsabelleHernandez@gmail.com,15242
user17,Adeline,Lopez,AdelineLopez@gmail.com,15262
user18,Henry,Ge,HenryGe@gmail.com,15232
user19,Elijah,Anderson,ElijahAnderson@gmail.com,15366
user20,Iris,Hall,IrisHall@gmail.com,15317
user21,Aria,Williams,AriaWilliams@gmail.com,15396
user22,Ivy,Martin,IvyMartin@gmail.com,15368
user23,Landon,Martin,LandonMartin@gmail.com,15275
user24,Sophia,Ming,SophiaMing@gmail.com,15201
user25,Sebastian,Thomas,SebastianThomas@gmail.com,15265
user26,Charlotte,Brown,CharlotteBrown@gmail.com,15207
user27,Gabriel,Martin,GabrielMartin@gmail.com,15242
user28,Milo,Martin,MiloMartin@gmail.com,15240
user29,Owen,Harris,OwenHarris@gmail.com,15257
user30,Emma,Perez,EmmaPerez@gmail.com,15316
user31,Lucy,Ming,LucyMing@gmail.com,15257
user32,Alex,Harris,AlexHarris@gmail.com,15364
user33,Milo,Smith,MiloSmith@gmail.com,15291
user34,Levi,Davis,LeviDavis@gmail.com,15280
user35,Hazel,Brown,HazelBrown@gmail.com,15321
user36,Emmett,Jones,EmmettJones@gmail.com,15376
user37,Landon,Walker,LandonWalker@gmail.com,15272
user38,Grayson,Lee,GraysonLee@gmail.com,15330
user39,Oliver,Johnson,OliverJohnson@gmail.com,15389
user40,Audrey,Williams,AudreyWilliams@gmail.com,15228
user41,Aiden,Lopez,AidenLopez@gmail.com,15263
user42,Mila,Williams,MilaWilliams@gmail.com,15410
user43,Emmett,Tang,EmmettTang@gmail.com,15303
user44,Chloe,White,ChloeWhite@gmail.com,15375
user45,Luna,Jones,LunaJones@gmail.com,15248
user46,Sebastian,Johnson,SebastianJohnson@gmail.com,15205
user47,Ava,Anderson,AvaAnderson@gmail.com,15323
user48,Owen,Garcia,OwenGarcia@gmail.com,15329
user49,Scarlett,Robinson,ScarlettRobinson@gmail.com,15354
user50,Noah,Martin,NoahMartin@gmail.com,15408
user51,Grace,Zhu,GraceZhu@gmail.com,15389
user52,Isabelle,Zhang,IsabelleZhang@gmail.com,15414
user53,Caleb,Zhang,CalebZhang@gmail.com,15203
user54,Violet,Miller,VioletMiller@gmail.com,15267
user55,Mila,Clark,MilaClark@gmail.com,15309
user56,Olivia,Martinez,OliviaMartinez@gmail.com,15309
user57,Ethan,Moore,EthanMoore@gmail.com,15368
user58,Liam,Hall,LiamHall@gmail.com,15204
user59,Oliver,Garcia,OliverGarcia@gmail.com,15358
user60,Emmett,Davis,EmmettDavis@gmail.com,15276
user61,Alex,Martinez,AlexMartinez@gmail.com,15396
user62,Adelaide,Perez,AdelaidePerez@gmail.com,15260
user63,Gabriel,Johnson,GabrielJohnson@gmail.com,15342
user64,Jasper,Gonzalez,JasperGonzalez@gmail.com,15398
user65,Charlotte,Walker,CharlotteWalker@gmail.com,15312
user66,Aurora,Hall,AuroraHall@gmail.com,15359
user67,Aria,Moore,AriaMoore@gmail.com,15423
user68,Olivia,Zhang,OliviaZhang@gmail.com,15298
user69,Emmett,Davis,EmmettDavis@gmail.com,15261
user70,Ava,An,AvaAn@gmail.com,15245
user71,Leo,Harris,LeoHarris@gmail.com,15330
user72,Caleb,Clark,CalebClark@gmail.com,15225
user73,Everett,Rodriguez,EverettRodriguez@gmail.com,15367
user74,Emmett,Miller,EmmettMiller@gmail.com,15410
user75,Adeline,Smith,AdelineSmith@gmail.com,15205
user76,Chloe,Perez,ChloePerez@gmail.com,15304
user77,Sebastian,Brown,SebastianBrown@gmail.com,15379
user78,Mila,Johnson,MilaJohnson@gmail.com,15279
user79,Grace,Tang,GraceTang@gmail.com,15235
user80,Everett,An,EverettAn@gmail.com,15406
user81,Theo,Moore,TheoMoore@gmail.com,15289
user82,Jasper,Ming,JasperMing@gmail.com,15308
user83,Levi,Martin,LeviMartin@gmail.com,15400
user84,Everett,Zhang,EverettZhang@gmail.com,15203
user85,Owen,Jones,OwenJones@gmail.com,15378
user86,Caleb,Lewis,CalebLewis@gmail.com,15348
user87,Adeline,Wilson,AdelineWilson@gmail.com,15208
user88,Sebastian,Anderson,SebastianAnderson@gmail.com,15281
user89,Isabelle,Clark,IsabelleClark@gmail.com,15270
user90,Sebastian,Anderson,SebastianAnderson@gmail.com,15230
user91,Landon,Taylor,LandonTaylor@gmail.com,15205
user92,Freya,Hall,FreyaHall@gmail.com,15349
user93,Emmett,Garcia,EmmettGarcia@gmail.com,15423
user94,Leo,Taylor,LeoTaylor@gmail.com,15331
user95,Adelaide,Davis,AdelaideDavis@gmail.com,15209
user96,Milo,Wilson,MiloWilson@gmail.com,15317
user97,Milo,Davis,MiloDavis@gmail.com,15295
user98,Ivy,Garcia,IvyGarcia@gmail.com,15275
user99,Landon,Hernandez,LandonHernandez@gmail.com,15383
user100,Milo,Taylor,MiloTaylor@gmail.com,15331
